Year,Month,Hour,Electricity Price ($/kWh),Natural Gas Price ($/kWh),Hydrogen Price ($/kWh),Biomass Price ($/kWh),Carbon Credit Cap (tonnes CO2/year),Carbon Credit Price ($/tonne CO2),Renewable Share (%),Grid Carbon Intensity (kg CO2/kWh),Natural Gas Carbon Intensity (kg CO2/kWh),Hydrogen Carbon Intensity (kg CO2/kWh),Biomass Carbon Intensity (kg CO2/kWh),Electricity Volatility,Effective Carbon Credit Cap,Carbon Tax ($/tonne CO2),Electricity Emissions (kg CO2),Natural Gas Emissions (kg CO2),Hydrogen Emissions (kg CO2),Biomass Emissions (kg CO2),Cumulative Inflation
2025,1,11.5,0.134971599,0.034202691,0.192451825,0.085611226,150000,78.70435058,0.2,0.28,0.2,0.02,0.1,0.05,150000,0,0.038485316,0.006963668,0.023509915,0.000871522,1.018
2025,2,11.5,0.135029078,0.034120306,0.19371269,0.085896856,150000,79.29062256,0.2,0.28,0.2,0.02,0.1,0.05,150000,0,0.038489652,0.006946894,0.023663942,0.00087443,1.018
2025,3,11.5,0.133947014,0.034037712,0.192762605,0.085680968,150000,79.03421583,0.2,0.28,0.2,0.02,0.1,0.05,150000,0,0.038184192,0.006930078,0.02354788,0.000872232,1.018
2025,4,11.5,0.115876838,0.029874759,0.192456053,0.084787489,150000,78.86043289,0.2,0.28,0.2,0.02,0.1,0.05,150000,0,0.033030873,0.006082501,0.023510431,0.000863137,1.018
2025,5,11.5,0.11514851,0.029533937,0.192289787,0.084692997,150000,78.87993216,0.2,0.28,0.2,0.02,0.1,0.05,150000,0,0.032823662,0.00601311,0.02349012,0.000862175,1.018
2025,6,11.5,0.102737173,0.026757641,0.192567691,0.083756091,150000,78.46778408,0.2,0.28,0.2,0.02,0.1,0.05,150000,0,0.029278406,0.005447856,0.023524069,0.000852637,1.018
2025,7,11.5,0.102529107,0.026658596,0.191531294,0.083812442,150000,78.82282917,0.2,0.28,0.2,0.02,0.1,0.05,150000,0,0.029228485,0.00542769,0.023397463,0.000853211,1.018
2025,8,11.5,0.101818483,0.026642534,0.191784615,0.08406289,150000,78.68275524,0.2,0.28,0.2,0.02,0.1,0.05,150000,0,0.029020203,0.00542442,0.023428409,0.00085576,1.018
2025,9,11.5,0.112617989,0.029762603,0.19131351,0.084513111,150000,78.70983113,0.2,0.28,0.2,0.02,0.1,0.05,150000,0,0.032107861,0.006059666,0.023370858,0.000860343,1.018
2025,10,11.5,0.113929825,0.029638279,0.191206914,0.08445272,150000,78.7673957,0.2,0.28,0.2,0.02,0.1,0.05,150000,0,0.032466025,0.006034354,0.023357837,0.000859729,1.018
2025,11,11.5,0.124076921,0.034178713,0.19239323,0.085820174,150000,78.96964691,0.2,0.28,0.2,0.02,0.1,0.05,150000,0,0.035366131,0.006958786,0.023502757,0.000873649,1.018
2025,12,11.5,0.128010773,0.034093308,0.192502865,0.085582868,150000,78.8280738,0.2,0.28,0.2,0.02,0.1,0.05,150000,0,0.036491272,0.006941398,0.02351615,0.000871234,1.018
2026,1,11.5,0.123194298,0.034008798,0.166680294,0.08520974,142500,79.01972903,0.26,0.256666667,0.21,0.02,0.1,0.06,142500,0,0.032898001,0.00743035,0.020809621,0.000886519,1.040396
2026,2,11.5,0.122397596,0.033875393,0.167752631,0.085014114,142500,78.93189208,0.26,0.256666667,0.21,0.02,0.1,0.06,142500,0,0.032693034,0.007401203,0.0209435,0.000884483,1.040396
2026,3,11.5,0.116012673,0.033957879,0.16678464,0.084954689,142500,78.9352615,0.26,0.256666667,0.21,0.02,0.1,0.06,142500,0,0.030975958,0.007419225,0.020822649,0.000883865,1.040396
2026,4,11.5,0.105656627,0.029243951,0.167440788,0.084156378,142500,79.11183673,0.26,0.256666667,0.21,0.02,0.1,0.06,142500,0,0.028212324,0.006389311,0.020904567,0.00087556,1.040396
2026,5,11.5,0.105127763,0.029565287,0.167094404,0.084568795,142500,79.11163539,0.26,0.256666667,0.21,0.02,0.1,0.06,142500,0,0.028071256,0.006459517,0.020861322,0.00087985,1.040396
2026,6,11.5,0.094152073,0.026559405,0.167800469,0.083244989,142500,79.14541172,0.26,0.256666667,0.21,0.02,0.1,0.06,142500,0,0.025137131,0.005802783,0.020949472,0.000866078,1.040396
2026,7,11.5,0.093944047,0.02678855,0.167416717,0.08343386,142500,79.28615713,0.26,0.256666667,0.21,0.02,0.1,0.06,142500,0,0.025087378,0.005852847,0.020901562,0.000868043,1.040396
2026,8,11.5,0.093174277,0.026428096,0.167140641,0.083766541,142500,79.04151473,0.26,0.256666667,0.21,0.02,0.1,0.06,142500,0,0.024886278,0.005774094,0.020867095,0.000871504,1.040396
2026,9,11.5,0.098106864,0.029462241,0.166915723,0.084058235,142500,79.1974174,0.26,0.256666667,0.21,0.02,0.1,0.06,142500,0,0.026199674,0.006437003,0.020839014,0.000874539,1.040396
2026,10,11.5,0.102550772,0.029502377,0.167134642,0.084234187,142500,79.04520547,0.26,0.256666667,0.21,0.02,0.1,0.06,142500,0,0.027386543,0.006445772,0.020866346,0.000876369,1.040396
2026,11,11.5,0.117336068,0.033782438,0.167094617,0.085044968,142500,79.04056035,0.26,0.256666667,0.21,0.02,0.1,0.06,142500,0,0.031340378,0.007380894,0.020861349,0.000884804,1.040396
2026,12,11.5,0.117039903,0.034018295,0.165843828,0.08532132,142500,79.204568,0.26,0.256666667,0.21,0.02,0.1,0.06,142500,0,0.031244617,0.007432425,0.020705191,0.00088768,1.040396
2027,1,11.5,0.107447644,0.030062328,0.145688556,0.078155634,135375,79.55544831,0.32,0.233333333,0.22,0.02,0.1,0.07,135375,0,0.026571578,0.007011616,0.018534443,0.000828578,1.060163524
2027,2,11.5,0.108389404,0.030275218,0.14551926,0.078151597,135375,79.32680537,0.32,0.233333333,0.22,0.02,0.1,0.07,135375,0,0.026812371,0.00706127,0.018512905,0.000828535,1.060163524
2027,3,11.5,0.106380032,0.030332374,0.145726561,0.078241443,135375,79.56842604,0.32,0.233333333,0.22,0.02,0.1,0.07,135375,0,0.026304459,0.007074601,0.018539278,0.000829487,1.060163524
2027,4,11.5,0.091808162,0.026386171,0.146263883,0.077397905,135375,79.47436533,0.32,0.233333333,0.22,0.02,0.1,0.07,135375,0,0.022714079,0.006154204,0.018607636,0.000820544,1.060163524
2027,5,11.5,0.091272962,0.026301113,0.145356787,0.077415103,135375,79.45974475,0.32,0.233333333,0.22,0.02,0.1,0.07,135375,0,0.022579052,0.006134366,0.018492236,0.000820727,1.060163524
2027,6,11.5,0.081498546,0.02400063,0.145412002,0.076883392,135375,79.48017604,0.32,0.233333333,0.22,0.02,0.1,0.07,135375,0,0.02016089,0.00559781,0.01849926,0.00081509,1.060163524
2027,7,11.5,0.081187311,0.023891742,0.145717176,0.076601082,135375,79.32033018,0.32,0.233333333,0.22,0.02,0.1,0.07,135375,0,0.020080862,0.005572414,0.018538084,0.000812097,1.060163524
2027,8,11.5,0.080846855,0.023747221,0.145620264,0.076754313,135375,79.29903648,0.32,0.233333333,0.22,0.02,0.1,0.07,135375,0,0.020001632,0.005538706,0.018525755,0.000813721,1.060163524
2027,9,11.5,0.089625151,0.026346698,0.146354073,0.077375118,135375,79.53597577,0.32,0.233333333,0.22,0.02,0.1,0.07,135375,0,0.022172017,0.006144998,0.01861911,0.000820303,1.060163524
2027,10,11.5,0.088836856,0.026554759,0.146029254,0.07721689,135375,79.32743913,0.32,0.233333333,0.22,0.02,0.1,0.07,135375,0,0.021980206,0.006193525,0.018577787,0.000818625,1.060163524
2027,11,11.5,0.101887462,0.03027933,0.146217969,0.078228387,135375,79.53024805,0.32,0.233333333,0.22,0.02,0.1,0.07,135375,0,0.025201766,0.007062229,0.018601795,0.000829349,1.060163524
2027,12,11.5,0.10181923,0.030404482,0.145535178,0.07828424,135375,79.74071772,0.32,0.233333333,0.22,0.02,0.1,0.07,135375,0,0.02518815,0.007091419,0.018514931,0.000829941,1.060163524
2028,1,11.5,0.098295937,0.03025921,0.126342337,0.077987888,128606.25,79.93098564,0.38,0.21,0.23,0.02,0.1,0.08,128606.25,27.71549598,0.022343582,0.007533278,0.016410762,0.000844162,1.082426958
2028,2,11.5,0.097095858,0.030383687,0.127120726,0.078180292,128606.25,79.54308958,0.38,0.21,0.23,0.02,0.1,0.08,128606.25,27.71549598,0.022061846,0.007564268,0.016511868,0.000846245,1.082426958
2028,3,11.5,0.096766695,0.030095284,0.127159737,0.077526248,128606.25,79.63738597,0.38,0.21,0.23,0.02,0.1,0.08,128606.25,27.71549598,0.022005238,0.007492468,0.016516935,0.000839165,1.082426958
2028,4,11.5,0.083485808,0.026184504,0.127333831,0.076817703,128606.25,79.38272453,0.38,0.21,0.23,0.02,0.1,0.08,128606.25,27.71549598,0.018976861,0.006518847,0.016539549,0.000831496,1.082426958
2028,5,11.5,0.083575831,0.02632815,0.126661873,0.076918268,128606.25,79.71210937,0.38,0.21,0.23,0.02,0.1,0.08,128606.25,27.71549598,0.01899535,0.006554609,0.016452267,0.000832584,1.082426958
2028,6,11.5,0.075035202,0.023672109,0.126398461,0.076497307,128606.25,79.88133468,0.38,0.21,0.23,0.02,0.1,0.08,128606.25,27.71549598,0.017062827,0.005893366,0.016418052,0.000828027,1.082426958
2028,7,11.5,0.071601627,0.023575787,0.126895524,0.076372915,128606.25,79.69337341,0.38,0.21,0.23,0.02,0.1,0.08,128606.25,27.71549598,0.016273428,0.005869385,0.016482616,0.000826681,1.082426958
2028,8,11.5,0.073630671,0.023617909,0.126970604,0.076236717,128606.25,79.32422415,0.38,0.21,0.23,0.02,0.1,0.08,128606.25,27.71549598,0.016736232,0.005879872,0.016492368,0.000825207,1.082426958
2028,9,11.5,0.081725519,0.026225717,0.127542611,0.076845962,128606.25,79.55424431,0.38,0.21,0.23,0.02,0.1,0.08,128606.25,27.71549598,0.018578164,0.006529107,0.016566667,0.000831801,1.082426958
2028,10,11.5,0.081772048,0.026209673,0.126268927,0.077038495,128606.25,79.87503476,0.38,0.21,0.23,0.02,0.1,0.08,128606.25,27.71549598,0.018583711,0.006525113,0.016401227,0.000833885,1.082426958
2028,11,11.5,0.092855636,0.030100956,0.127595716,0.077814616,128606.25,79.63059035,0.38,0.21,0.23,0.02,0.1,0.08,128606.25,27.71549598,0.021110501,0.00749388,0.016573565,0.000842286,1.082426958
2028,12,11.5,0.092547792,0.030405596,0.126475393,0.077859689,128606.25,79.52474453,0.38,0.21,0.23,0.02,0.1,0.08,128606.25,27.71549598,0.021030125,0.007569722,0.016428045,0.000842774,1.082426958
2029,1,11.5,0.094248878,0.033414187,0.110596842,0.08413508,122175.9375,79.71856221,0.44,0.186666667,0.24,0.02,0.1,0.09,122175.9375,27.17205488,0.019439607,0.008854029,0.014652872,0.000928915,1.104075497
2029,2,11.5,0.094935048,0.033564146,0.111325479,0.084409462,122175.9375,80.00882122,0.44,0.186666667,0.24,0.02,0.1,0.09,122175.9375,27.17205488,0.019564635,0.008893764,0.014749408,0.000931944,1.104075497
2029,3,11.5,0.094748174,0.033722706,0.111275821,0.084465971,122175.9375,79.9192473,0.44,0.186666667,0.24,0.02,0.1,0.09,122175.9375,27.17205488,0.019531883,0.008935779,0.014742829,0.000932568,1.104075497
2029,4,11.5,0.08192439,0.028967737,0.110269622,0.083208853,122175.9375,79.80828999,0.44,0.186666667,0.24,0.02,0.1,0.09,122175.9375,27.17205488,0.016880105,0.007675817,0.014609519,0.000918689,1.104075497
2029,5,11.5,0.08228409,0.02903925,0.110386325,0.083062526,122175.9375,79.87576753,0.44,0.186666667,0.24,0.02,0.1,0.09,122175.9375,27.17205488,0.016956613,0.007694766,0.01462498,0.000917073,1.104075497
2029,6,11.5,0.07450079,0.026071075,0.110188632,0.082601877,122175.9375,80.12318272,0.44,0.186666667,0.24,0.02,0.1,0.09,122175.9375,27.17205488,0.015354004,0.006908265,0.014598788,0.000911987,1.104075497
2029,7,11.5,0.074713474,0.026231349,0.110775468,0.082920222,122175.9375,80.26112173,0.44,0.186666667,0.24,0.02,0.1,0.09,122175.9375,27.17205488,0.015395337,0.006950734,0.014676538,0.000915502,1.104075497
2029,8,11.5,0.07436008,0.026104214,0.11074863,0.08274041,122175.9375,80.00770421,0.44,0.186666667,0.24,0.02,0.1,0.09,122175.9375,27.17205488,0.015327014,0.006917046,0.014672982,0.000913517,1.104075497
2029,9,11.5,0.08246967,0.029091821,0.110899752,0.083386322,122175.9375,79.958356,0.44,0.186666667,0.24,0.02,0.1,0.09,122175.9375,27.17205488,0.016990284,0.007708696,0.014693004,0.000920648,1.104075497
2029,10,11.5,0.206720794,0.057885854,0.2762132,0.083451142,122175.9375,80.0890801,0.44,0.186666667,0.24,0.02,0.1,0.09,122175.9375,27.17205488,0.042601913,0.015338485,0.036595227,0.000921364,1.104075497
2029,11,11.5,0.243858226,0.066701466,0.27675777,0.084163611,122175.9375,79.97938358,0.44,0.186666667,0.24,0.02,0.1,0.09,122175.9375,27.17205488,0.050255112,0.017674429,0.036667377,0.00092923,1.104075497
2029,12,11.5,0.248355631,0.066576493,0.275156819,0.084599003,122175.9375,80.05888142,0.44,0.186666667,0.24,0.02,0.1,0.09,122175.9375,27.17205488,0.051175224,0.017641314,0.036455268,0.000934037,1.104075497
2030,1,11.5,0.230350555,0.069632091,0.239153718,0.086393704,116067.1406,96.06150362,0.5,0.163333333,0.25,0.02,0.1,0.1,114326.1335,26.56114846,0.042485733,0.019661826,0.032414012,0.00097579,1.129469234
2030,2,11.5,0.23007171,0.069712172,0.240789053,0.086398479,116067.1406,96.0677329,0.5,0.163333333,0.25,0.02,0.1,0.1,114326.1335,26.56114846,0.042442451,0.019684438,0.032635659,0.000975844,1.129469234
2030,3,11.5,0.230993645,0.068524351,0.235546227,0.086176047,116067.1406,96.06620645,0.5,0.163333333,0.25,0.02,0.1,0.1,114326.1335,26.56114846,0.04261115,0.019349037,0.031925066,0.000973332,1.129469234
2030,4,11.5,0.079572345,0.03043206,0.096098389,0.085596492,116067.1406,95.70875611,0.5,0.163333333,0.25,0.02,0.1,0.1,114326.1335,26.56114846,0.014678876,0.008593019,0.013024821,0.000966786,1.129469234
2030,5,11.5,0.078967223,0.030453017,0.095907995,0.085078813,116067.1406,95.32292049,0.5,0.163333333,0.25,0.02,0.1,0.1,114326.1335,26.56114846,0.014567096,0.008598936,0.012999016,0.000960939,1.129469234
2030,6,11.5,0.072183297,0.027290436,0.096045976,0.08447958,116067.1406,96.162164,0.5,0.163333333,0.25,0.02,0.1,0.1,114326.1335,26.56114846,0.013319238,0.007705927,0.013017717,0.000954171,1.129469234
2030,7,11.5,0.071775088,0.027493207,0.095864547,0.084742709,116067.1406,95.80372877,0.5,0.163333333,0.25,0.02,0.1,0.1,114326.1335,26.56114846,0.013244002,0.007763183,0.012993127,0.000957143,1.129469234
2030,8,11.5,0.072225901,0.02750098,0.096159862,0.084541727,116067.1406,96.10677901,0.5,0.163333333,0.25,0.02,0.1,0.1,114326.1335,26.56114846,0.013324397,0.007765378,0.013033153,0.000954873,1.129469234
2030,9,11.5,0.080043932,0.030462989,0.096368523,0.085298059,116067.1406,95.90659047,0.5,0.163333333,0.25,0.02,0.1,0.1,114326.1335,26.56114846,0.014766844,0.008601752,0.013061434,0.000963415,1.129469234
2030,10,11.5,0.079886592,0.030398907,0.096214488,0.085237427,116067.1406,95.90731753,0.5,0.163333333,0.25,0.02,0.1,0.1,114326.1335,26.56114846,0.014737395,0.008583657,0.013040556,0.000962731,1.129469234
2030,11,11.5,0.091742841,0.035244738,0.096553593,0.086669394,116067.1406,95.83908506,0.5,0.163333333,0.25,0.02,0.1,0.1,114326.1335,26.56114846,0.016916984,0.009951962,0.013086518,0.000978904,1.129469234
2030,12,11.5,0.09210841,0.034764023,0.09662211,0.08658118,116067.1406,95.98752037,0.5,0.163333333,0.25,0.02,0.1,0.1,114326.1335,26.56114846,0.016995717,0.009816224,0.013095804,0.000977908,1.129469234
2031,1,11.5,0.08958218,0.03480099,0.083859993,0.0864029,110263.7836,96.26562185,0.56,0.14,0.25,0.02,0.1,0.11,106955.8701,26.06589643,0.014438297,0.010013369,0.01061686,0.000994436,1.150929149
2031,2,11.5,0.091383413,0.034805707,0.083501119,0.086146618,110263.7836,95.96840272,0.56,0.14,0.25,0.02,0.1,0.11,106955.8701,26.06589643,0.014724705,0.010014726,0.010571426,0.000991487,1.150929149
2031,3,11.5,0.089642543,0.034950373,0.083958763,0.086214151,110263.7836,96.23542716,0.56,0.14,0.25,0.02,0.1,0.11,106955.8701,26.06589643,0.014440605,0.010056351,0.010629365,0.000992264,1.150929149
2031,4,11.5,0.075038003,0.03020601,0.084422569,0.085056731,110263.7836,95.97019445,0.56,0.14,0.25,0.02,0.1,0.11,106955.8701,26.06589643,0.012082521,0.008691244,0.010688084,0.000978943,1.150929149
2031,5,11.5,0.077546892,0.030234166,0.083947995,0.085147666,110263.7836,96.22723321,0.56,0.14,0.25,0.02,0.1,0.11,106955.8701,26.06589643,0.012494868,0.008699346,0.010628001,0.000979989,1.150929149
2031,6,11.5,0.069698785,0.027124928,0.083843626,0.084157545,110263.7836,96.1065254,0.56,0.14,0.25,0.02,0.1,0.11,106955.8701,26.06589643,0.01123269,0.007804718,0.010614788,0.000968594,1.150929149
2031,7,11.5,0.069804493,0.027228279,0.08367216,0.084210076,110263.7836,96.14408963,0.56,0.14,0.25,0.02,0.1,0.11,106955.8701,26.06589643,0.011245644,0.007834455,0.01059308,0.000969198,1.150929149
2031,8,11.5,0.070068408,0.027309137,0.0840765,0.084122088,110263.7836,96.30134499,0.56,0.14,0.25,0.02,0.1,0.11,106955.8701,26.06589643,0.011288632,0.007857721,0.01064427,0.000968186,1.150929149
2031,9,11.5,0.077601355,0.030266198,0.084036815,0.085099474,110263.7836,96.17265051,0.56,0.14,0.25,0.02,0.1,0.11,106955.8701,26.06589643,0.01250328,0.008708562,0.010639246,0.000979435,1.150929149
2031,10,11.5,0.077862816,0.03027233,0.084126691,0.085034597,110263.7836,96.34997488,0.56,0.14,0.25,0.02,0.1,0.11,106955.8701,26.06589643,0.012544491,0.008710327,0.010650625,0.000978688,1.150929149
2031,11,11.5,0.09018472,0.034967185,0.084223145,0.086443331,110263.7836,96.63561915,0.56,0.14,0.25,0.02,0.1,0.11,106955.8701,26.06589643,0.014529494,0.010061188,0.010662836,0.000994901,1.150929149
2031,12,11.5,0.089370525,0.034667609,0.084042835,0.086305111,110263.7836,96.27615028,0.56,0.14,0.25,0.02,0.1,0.11,106955.8701,26.06589643,0.01440153,0.009974991,0.010640008,0.000993311,1.150929149
2032,1,11.5,0.104541573,0.045542266,0.073241232,0.088466168,104750.5944,96.44033902,0.62,0.116666667,0.25,0.02,0.1,0.12,100036.8177,25.55480042,0.01432348,0.01336606,0.008598138,0.001038547,1.173947732
2032,2,11.5,0.087876954,0.038187583,0.072896428,0.088524826,104750.5944,96.44827015,0.62,0.116666667,0.25,0.02,0.1,0.12,100036.8177,25.55480042,0.012039108,0.011207557,0.00855766,0.001039235,1.173947732
2032,3,11.5,0.091232153,0.038316237,0.073282358,0.088049993,104750.5944,96.32165294,0.62,0.116666667,0.25,0.02,0.1,0.12,100036.8177,25.55480042,0.012488841,0.011245315,0.008602966,0.001033661,1.173947732
2032,4,11.5,0.078459856,0.033240161,0.073355516,0.086736476,104750.5944,96.52572631,0.62,0.116666667,0.25,0.02,0.1,0.12,100036.8177,25.55480042,0.010739817,0.009755553,0.008611554,0.001018241,1.173947732
2032,5,11.5,0.079545824,0.033088593,0.0727936,0.086864746,104750.5944,96.53590983,0.62,0.116666667,0.25,0.02,0.1,0.12,100036.8177,25.55480042,0.010895192,0.00971107,0.008545588,0.001019747,1.173947732
2032,6,11.5,0.071269985,0.029843559,0.073001314,0.086122351,104750.5944,96.33071882,0.62,0.116666667,0.25,0.02,0.1,0.12,100036.8177,25.55480042,0.009760589,0.008758695,0.008569973,0.001011031,1.173947732
2032,7,11.5,0.071467111,0.029670309,0.073312763,0.085887839,104750.5944,96.4440247,0.62,0.116666667,0.25,0.02,0.1,0.12,100036.8177,25.55480042,0.00978866,0.008707848,0.008606535,0.001008278,1.173947732
2032,8,11.5,0.071246451,0.029754028,0.073178093,0.086137324,104750.5944,96.39958382,0.62,0.116666667,0.25,0.02,0.1,0.12,100036.8177,25.55480042,0.009759692,0.008732418,0.008590726,0.001011207,1.173947732
2032,9,11.5,0.079161307,0.033125981,0.073080346,0.087158708,104750.5944,96.3267963,0.62,0.116666667,0.25,0.02,0.1,0.12,100036.8177,25.55480042,0.010842497,0.009722042,0.008579251,0.001023198,1.173947732
2032,10,11.5,0.079095366,0.033014463,0.073417855,0.086852868,104750.5944,96.33857874,0.62,0.116666667,0.25,0.02,0.1,0.12,100036.8177,25.55480042,0.01083209,0.009689314,0.008618872,0.001019607,1.173947732
2032,11,11.5,0.091127611,0.038126563,0.072960949,0.088250115,104750.5944,96.48033082,0.62,0.116666667,0.25,0.02,0.1,0.12,100036.8177,25.55480042,0.012476548,0.011189648,0.008565234,0.00103601,1.173947732
2032,12,11.5,0.090886465,0.038018853,0.073179405,0.088264591,104750.5944,96.20260018,0.62,0.116666667,0.25,0.02,0.1,0.12,100036.8177,25.55480042,0.012449659,0.011158037,0.00859088,0.00103618,1.173947732
2033,1,11.5,0.088083779,0.03783126,0.063707753,0.087883511,99513.06469,96.20548601,0.68,0.093333333,0.25,0.02,0.1,0.13,93542.28081,29.20071873,0.009854506,0.011336143,0.006872414,0.001053372,1.198600634
2033,2,11.5,0.088465183,0.037940142,0.063771142,0.087553042,99513.06469,96.43905083,0.68,0.093333333,0.25,0.02,0.1,0.13,93542.28081,29.20071873,0.009900478,0.01136877,0.006879252,0.001049411,1.198600634
2033,3,11.5,0.088460988,0.038041631,0.063384723,0.087968266,99513.06469,96.35282605,0.68,0.093333333,0.25,0.02,0.1,0.13,93542.28081,29.20071873,0.009889484,0.011399181,0.006837567,0.001054388,1.198600634
2033,4,11.5,0.077802925,0.032879409,0.063794055,0.086765496,99513.06469,96.72600326,0.68,0.093333333,0.25,0.02,0.1,0.13,93542.28081,29.20071873,0.008698359,0.00985232,0.006881724,0.001039972,1.198600634
2033,5,11.5,0.076875347,0.033057007,0.063549217,0.086902037,99513.06469,96.36192791,0.68,0.093333333,0.25,0.02,0.1,0.13,93542.28081,29.20071873,0.008600005,0.009905537,0.006855312,0.001041608,1.198600634
2033,6,11.5,0.069403812,0.029621899,0.063486026,0.085582268,99513.06469,96.4795461,0.68,0.093333333,0.25,0.02,0.1,0.13,93542.28081,29.20071873,0.007765914,0.008876207,0.006848495,0.00102579,1.198600634
2033,7,11.5,0.068688608,0.029539749,0.063400083,0.085723809,99513.06469,96.1308079,0.68,0.093333333,0.25,0.02,0.1,0.13,93542.28081,29.20071873,0.007686133,0.00885159,0.006839224,0.001027486,1.198600634
2033,8,11.5,0.069204755,0.029874311,0.063943903,0.085958817,99513.06469,96.37117017,0.68,0.093333333,0.25,0.02,0.1,0.13,93542.28081,29.20071873,0.007739334,0.008951842,0.006897888,0.001030303,1.198600634
2033,9,11.5,0.077558126,0.032856802,0.063780633,0.08655034,99513.06469,96.69566201,0.68,0.093333333,0.25,0.02,0.1,0.13,93542.28081,29.20071873,0.008677647,0.009845546,0.006880276,0.001037393,1.198600634
2033,10,11.5,0.075505816,0.033214771,0.063976755,0.086426542,99513.06469,96.05358344,0.68,0.093333333,0.25,0.02,0.1,0.13,93542.28081,29.20071873,0.008445181,0.009952811,0.006901432,0.001035909,1.198600634
2033,11,11.5,0.088514472,0.038008849,0.063659367,0.087588658,99513.06469,96.39420813,0.68,0.093333333,0.25,0.02,0.1,0.13,93542.28081,29.20071873,0.009900414,0.011389358,0.006867194,0.001049838,1.198600634
2033,12,11.5,0.088153553,0.038049948,0.063937455,0.087516444,99513.06469,96.31000938,0.68,0.093333333,0.25,0.02,0.1,0.13,93542.28081,29.20071873,0.009856968,0.011401673,0.006897193,0.001048973,1.198600634
2034,1,11.5,0.086322047,0.037709686,0.055072921,0.087328212,94537.41146,96.53513376,0.74,0.07,0.25,0.02,0.1,0.14,87447.1056,28.57213183,0.007402399,0.011548307,0.005397013,0.001069744,1.224969848
2034,2,11.5,0.082515047,0.037699716,0.055338625,0.087164867,94537.41146,96.25733343,0.74,0.07,0.25,0.02,0.1,0.14,87447.1056,28.57213183,0.007076055,0.011545254,0.005423052,0.001067743,1.224969848
2034,3,11.5,0.085362294,0.037630532,0.055547396,0.087438161,94537.41146,96.17615421,0.74,0.07,0.25,0.02,0.1,0.14,87447.1056,28.57213183,0.007324285,0.011524067,0.005443511,0.001071091,1.224969848
2034,4,11.5,0.07532965,0.033036107,0.055451225,0.086193261,94537.41146,96.76905857,0.74,0.07,0.25,0.02,0.1,0.14,87447.1056,28.57213183,0.006459721,0.010117059,0.005434086,0.001055841,1.224969848
2034,5,11.5,0.074703193,0.032824752,0.05536366,0.085927044,94537.41146,96.26452103,0.74,0.07,0.25,0.02,0.1,0.14,87447.1056,28.57213183,0.006405305,0.010052333,0.005425505,0.00105258,1.224969848
2034,6,11.5,0.067029995,0.029665839,0.055429646,0.084912126,94537.41146,96.21753149,0.74,0.07,0.25,0.02,0.1,0.14,87447.1056,28.57213183,0.00574767,0.00908494,0.005431972,0.001040148,1.224969848
2034,7,11.5,0.067406486,0.029376536,0.055012239,0.085134345,94537.41146,96.4299399,0.74,0.07,0.25,0.02,0.1,0.14,87447.1056,28.57213183,0.005777727,0.008996343,0.005391067,0.00104287,1.224969848
2034,8,11.5,0.067531827,0.029639339,0.055321563,0.08527758,94537.41146,96.48522509,0.74,0.07,0.25,0.02,0.1,0.14,87447.1056,28.57213183,0.005793895,0.009076824,0.00542138,0.001044625,1.224969848
2034,9,11.5,0.074850504,0.032940777,0.055511783,0.086258831,94537.41146,96.31091508,0.74,0.07,0.25,0.02,0.1,0.14,87447.1056,28.57213183,0.006418455,0.010087865,0.005440021,0.001056645,1.224969848
2034,10,11.5,0.070759681,0.033057111,0.055439868,0.086057829,94537.41146,96.11744815,0.74,0.07,0.25,0.02,0.1,0.14,87447.1056,28.57213183,0.006067296,0.010123491,0.005432973,0.001054182,1.224969848
2034,11,11.5,0.086488274,0.037609123,0.05545786,0.087608961,94537.41146,96.53793833,0.74,0.07,0.25,0.02,0.1,0.14,87447.1056,28.57213183,0.007416129,0.011517511,0.005434736,0.001073183,1.224969848
2034,12,11.5,0.08593446,0.037841864,0.055417144,0.087533998,94537.41146,96.33515834,0.74,0.07,0.25,0.02,0.1,0.14,87447.1056,28.57213183,0.007369857,0.011588786,0.005430746,0.001072265,1.224969848
2035,1,11.5,0.083006665,0.0468469,0.041007303,0.109060841,89810.54089,96.44289898,0.8,0.046666667,0.25,0.02,0.1,0.135,81727.59221,28.06692715,0.004834446,0.014604747,0.003579583,0.00136001,1.247019306
2035,2,11.5,0.084624544,0.046793036,0.041072802,0.10895373,89810.54089,96.39609539,0.8,0.046666667,0.25,0.02,0.1,0.135,81727.59221,28.06692715,0.00492578,0.014587955,0.0035853,0.001358674,1.247019306
2035,3,11.5,0.083514265,0.047289365,0.041000013,0.109130299,89810.54089,96.5720664,0.8,0.046666667,0.25,0.02,0.1,0.135,81727.59221,28.06692715,0.004858955,0.014742688,0.003578947,0.001360876,1.247019306
2035,4,11.5,0.072835104,0.041218135,0.041225334,0.107219018,89810.54089,96.62845577,0.8,0.046666667,0.25,0.02,0.1,0.135,81727.59221,28.06692715,0.004237255,0.012849953,0.003598615,0.001337042,1.247019306
2035,5,11.5,0.072617616,0.041093334,0.041079484,0.107464685,89810.54089,96.62133061,0.8,0.046666667,0.25,0.02,0.1,0.135,81727.59221,28.06692715,0.004230012,0.012811045,0.003585884,0.001340105,1.247019306
2035,6,11.5,0.065194115,0.036847205,0.041115844,0.106134587,89810.54089,96.3649929,0.8,0.046666667,0.25,0.02,0.1,0.135,81727.59221,28.06692715,0.00379066,0.011487294,0.003589058,0.001323519,1.247019306
2035,7,11.5,0.065466289,0.03702857,0.041292893,0.106236117,89810.54089,96.61928684,0.8,0.046666667,0.25,0.02,0.1,0.135,81727.59221,28.06692715,0.003809866,0.011543835,0.003604512,0.001324785,1.247019306
2035,8,11.5,0.066009822,0.036771246,0.041162311,0.106310679,89810.54089,96.45783123,0.8,0.046666667,0.25,0.02,0.1,0.135,81727.59221,28.06692715,0.00383935,0.011463613,0.003593114,0.001325715,1.247019306
2035,9,11.5,0.07246347,0.040987558,0.040955897,0.10689133,89810.54089,96.5628349,0.8,0.046666667,0.25,0.02,0.1,0.135,81727.59221,28.06692715,0.004220764,0.012778069,0.003575096,0.001332956,1.247019306
2035,10,11.5,0.072368762,0.041077793,0.041139722,0.107092629,89810.54089,96.49535255,0.8,0.046666667,0.25,0.02,0.1,0.135,81727.59221,28.06692715,0.00421312,0.0128062,0.003591142,0.001335466,1.247019306
2035,11,11.5,0.083219688,0.046860733,0.040708099,0.108674636,89810.54089,96.41295949,0.8,0.046666667,0.25,0.02,0.1,0.135,81727.59221,28.06692715,0.004841862,0.01460906,0.003553465,0.001355194,1.247019306
2035,12,11.5,0.083301685,0.046645729,0.041213288,0.108230799,89810.54089,96.48648899,0.8,0.046666667,0.25,0.02,0.1,0.135,81727.59221,28.06692715,0.004848304,0.014542031,0.003597564,0.001349659,1.247019306
2036,1,11.5,0.077057767,0.034023344,0.035684675,0.080328352,85320.01384,96.49697109,0.8,0.046666667,0.25,0.02,0.1,0.12,76361.41239,27.51659524,0.004573185,0.010819081,0.002723368,0.001021744,1.271959692
2036,2,11.5,0.076786547,0.034136031,0.035855898,0.080172436,85320.01384,96.34338086,0.8,0.046666667,0.25,0.02,0.1,0.12,76361.41239,27.51659524,0.004560965,0.010854914,0.002736435,0.001019761,1.271959692
2036,3,11.5,0.078752603,0.034322536,0.035674168,0.0801845,85320.01384,96.37164476,0.8,0.046666667,0.25,0.02,0.1,0.12,76361.41239,27.51659524,0.004672084,0.010914221,0.002722566,0.001019915,1.271959692
2036,4,11.5,0.067033007,0.029823885,0.035826044,0.079263076,85320.01384,96.54537006,0.8,0.046666667,0.25,0.02,0.1,0.12,76361.41239,27.51659524,0.003979051,0.009483695,0.002734157,0.001008194,1.271959692
2036,5,11.5,0.066671871,0.02968272,0.035869046,0.079112728,85320.01384,96.37789646,0.8,0.046666667,0.25,0.02,0.1,0.12,76361.41239,27.51659524,0.003958355,0.009438806,0.002737439,0.001006282,1.271959692
2036,6,11.5,0.060203867,0.026537977,0.035884923,0.078141807,85320.01384,96.51112398,0.8,0.046666667,0.25,0.02,0.1,0.12,76361.41239,27.51659524,0.003573164,0.008438809,0.002738651,0.000993932,1.271959692
2036,7,11.5,0.060351581,0.026918651,0.035734039,0.078294343,85320.01384,96.58402402,0.8,0.046666667,0.25,0.02,0.1,0.12,76361.41239,27.51659524,0.003583955,0.00855986,0.002727135,0.000995872,1.271959692
2036,8,11.5,0.060149377,0.026568763,0.03576921,0.07808045,85320.01384,96.46688886,0.8,0.046666667,0.25,0.02,0.1,0.12,76361.41239,27.51659524,0.003569039,0.008448599,0.00272982,0.000993152,1.271959692
2036,9,11.5,0.066934311,0.02958647,0.035854832,0.078979386,85320.01384,96.54380301,0.8,0.046666667,0.25,0.02,0.1,0.12,76361.41239,27.51659524,0.003971826,0.009408199,0.002736354,0.001004586,1.271959692
2036,10,11.5,0.066478779,0.029585075,0.035654032,0.078899642,85320.01384,96.21718503,0.8,0.046666667,0.25,0.02,0.1,0.12,76361.41239,27.51659524,0.003945797,0.009407756,0.00272103,0.001003572,1.271959692
2036,11,11.5,0.077255161,0.034216734,0.035897391,0.080472202,85320.01384,96.69610877,0.8,0.046666667,0.25,0.02,0.1,0.12,76361.41239,27.51659524,0.004585425,0.010880577,0.002739602,0.001023574,1.271959692
2036,12,11.5,0.076826009,0.034225771,0.035816093,0.080461946,85320.01384,96.40955067,0.8,0.046666667,0.25,0.02,0.1,0.12,76361.41239,27.51659524,0.004561927,0.01088345,0.002733398,0.001023444,1.271959692
2037,1,11.5,0.074764467,0.033985023,0.031220995,0.079984976,81054.01315,96.7343228,0.8,0.046666667,0.25,0.02,0.1,0.105,71327.53157,27.0035282,0.004519892,0.011012226,0.002023319,0.001036707,1.296126926
2037,2,11.5,0.07307409,0.034123757,0.031309744,0.08031104,81054.01315,96.59515354,0.8,0.046666667,0.25,0.02,0.1,0.105,71327.53157,27.0035282,0.004421011,0.01105718,0.00202907,0.001040933,1.296126926
2037,3,11.5,0.075531795,0.034315525,0.031053837,0.0804232,81054.01315,97.16113868,0.8,0.046666667,0.25,0.02,0.1,0.105,71327.53157,27.0035282,0.004567089,0.011119319,0.002012486,0.001042387,1.296126926
2037,4,11.5,0.064958728,0.029695511,0.031372342,0.078772165,81054.01315,96.60255075,0.8,0.046666667,0.25,0.02,0.1,0.105,71327.53157,27.0035282,0.003930745,0.009622288,0.002033127,0.001020987,1.296126926
2037,5,11.5,0.065068852,0.029491836,0.031309777,0.079003003,81054.01315,96.80522909,0.8,0.046666667,0.25,0.02,0.1,0.105,71327.53157,27.0035282,0.003938148,0.009556291,0.002029072,0.001023979,1.296126926
2037,6,11.5,0.056551498,0.026688739,0.031362099,0.0780624,81054.01315,96.70631968,0.8,0.046666667,0.25,0.02,0.1,0.105,71327.53157,27.0035282,0.00342099,0.008647998,0.002032463,0.001011788,1.296126926
2037,7,11.5,0.058549238,0.026610478,0.031342425,0.077971266,81054.01315,96.70516784,0.8,0.046666667,0.25,0.02,0.1,0.105,71327.53157,27.0035282,0.003541561,0.008622639,0.002031188,0.001010607,1.296126926
2037,8,11.5,0.058060252,0.026569,0.031223621,0.077741913,81054.01315,96.32051971,0.8,0.046666667,0.25,0.02,0.1,0.105,71327.53157,27.0035282,0.003513479,0.008609199,0.002023489,0.001007634,1.296126926
2037,9,11.5,0.065279922,0.029774601,0.031178338,0.078973531,81054.01315,96.86754641,0.8,0.046666667,0.25,0.02,0.1,0.105,71327.53157,27.0035282,0.003948598,0.009647915,0.002020554,0.001023597,1.296126926
2037,10,11.5,0.064740908,0.029470933,0.031086222,0.078721906,81054.01315,96.65406287,0.8,0.046666667,0.25,0.02,0.1,0.105,71327.53157,27.0035282,0.003914844,0.009549517,0.002014584,0.001020336,1.296126926
2037,11,11.5,0.075115837,0.034036767,0.031282234,0.080388159,81054.01315,96.86523078,0.8,0.046666667,0.25,0.02,0.1,0.105,71327.53157,27.0035282,0.00454197,0.011028993,0.002027287,0.001041933,1.296126926
2037,12,11.5,0.074608308,0.033973295,0.031321423,0.080065433,81054.01315,96.51823162,0.8,0.046666667,0.25,0.02,0.1,0.105,71327.53157,27.0035282,0.004514279,0.011008426,0.002029827,0.00103775,1.296126926
2038,1,11.5,0.072175687,0.033812202,0.027307937,0.079578416,77001.31249,96.36091671,0.8,0.046666667,0.25,0.02,0.1,0.09,66606.13531,30.22642027,0.004457774,0.011186307,0.001445514,0.001053097,1.323345591
2038,2,11.5,0.072277193,0.033852853,0.02729992,0.079844979,77001.31249,96.41607225,0.8,0.046666667,0.25,0.02,0.1,0.09,66606.13531,30.22642027,0.004462357,0.011199756,0.001445089,0.001056625,1.323345591
2038,3,11.5,0.072088513,0.033755673,0.027295028,0.079657661,77001.31249,96.23299478,0.8,0.046666667,0.25,0.02,0.1,0.09,66606.13531,30.22642027,0.004452039,0.011167605,0.00144483,0.001054146,1.323345591
2038,4,11.5,0.062777398,0.029409328,0.027166907,0.0784837,77001.31249,96.40817147,0.8,0.046666667,0.25,0.02,0.1,0.09,66606.13531,30.22642027,0.003878292,0.009729676,0.001438048,0.001038611,1.323345591
2038,5,11.5,0.063168895,0.029700989,0.027175769,0.078548563,77001.31249,96.68830024,0.8,0.046666667,0.25,0.02,0.1,0.09,66606.13531,30.22642027,0.003901989,0.009826168,0.001438517,0.001039469,1.323345591
2038,6,11.5,0.059275035,0.026509344,0.027122417,0.07762653,77001.31249,96.55013148,0.8,0.046666667,0.25,0.02,0.1,0.09,66606.13531,30.22642027,0.003660934,0.008770256,0.001435693,0.001027267,1.323345591
2038,7,11.5,0.056459818,0.026566178,0.027238159,0.077299439,77001.31249,96.31983455,0.8,0.046666667,0.25,0.02,0.1,0.09,66606.13531,30.22642027,0.003485179,0.008789059,0.00144182,0.001022939,1.323345591
2038,8,11.5,0.056490564,0.02630658,0.027215636,0.077346583,77001.31249,96.54508305,0.8,0.046666667,0.25,0.02,0.1,0.09,66606.13531,30.22642027,0.003489994,0.008703174,0.001440628,0.001023563,1.323345591
2038,9,11.5,0.062745378,0.029514721,0.027160366,0.078356908,77001.31249,96.52832359,0.8,0.046666667,0.25,0.02,0.1,0.09,66606.13531,30.22642027,0.003874294,0.009764544,0.001437702,0.001036933,1.323345591
2038,10,11.5,0.061718512,0.029442883,0.027138111,0.078055734,77001.31249,96.20239334,0.8,0.046666667,0.25,0.02,0.1,0.09,66606.13531,30.22642027,0.003810356,0.009740777,0.001436524,0.001032947,1.323345591
2038,11,11.5,0.072052674,0.033795872,0.027126474,0.07959755,77001.31249,96.36360519,0.8,0.046666667,0.25,0.02,0.1,0.09,66606.13531,30.22642027,0.004447437,0.011180904,0.001435908,0.001053351,1.323345591
2038,12,11.5,0.072486284,0.033807406,0.027251328,0.079555922,77001.31249,96.54102236,0.8,0.046666667,0.25,0.02,0.1,0.09,66606.13531,30.22642027,0.004475998,0.01118472,0.001442517,0.0010528,1.323345591
2039,1,11.5,0.069799514,0.033560519,0.023595567,0.079304888,73151.24687,96.00120673,0.8,0.046666667,0.25,0.02,0.1,0.075,62178.55984,29.63374536,0.004395878,0.011325102,0.000955488,0.001070467,1.349812503
2039,2,11.5,0.069906783,0.033667043,0.023684143,0.079484146,73151.24687,96.29550138,0.8,0.046666667,0.25,0.02,0.1,0.075,62178.55984,29.63374536,0.004403017,0.011361049,0.000959075,0.001072887,1.349812503
2039,3,11.5,0.069887177,0.033492731,0.023677905,0.079413796,73151.24687,96.18095873,0.8,0.046666667,0.25,0.02,0.1,0.075,62178.55984,29.63374536,0.004401942,0.011302227,0.000958822,0.001071937,1.349812503
2039,4,11.5,0.061219357,0.029435023,0.023761611,0.078042574,73151.24687,96.6053541,0.8,0.046666667,0.25,0.02,0.1,0.075,62178.55984,29.63374536,0.003856066,0.009932941,0.000962212,0.001053428,1.349812503
2039,5,11.5,0.061000743,0.029285221,0.023727063,0.078013265,73151.24687,96.40340342,0.8,0.046666667,0.25,0.02,0.1,0.075,62178.55984,29.63374536,0.003841773,0.009882389,0.000960813,0.001053033,1.349812503
2039,6,11.5,0.054777404,0.026323116,0.023825657,0.077098254,73151.24687,96.24323472,0.8,0.046666667,0.25,0.02,0.1,0.075,62178.55984,29.63374536,0.003450985,0.008882818,0.000964805,0.001040682,1.349812503
2039,7,11.5,0.054751894,0.026293115,0.023666496,0.076736898,73151.24687,96.1469801,0.8,0.046666667,0.25,0.02,0.1,0.075,62178.55984,29.63374536,0.003447919,0.008872694,0.00095836,0.001035804,1.349812503
2039,8,11.5,0.054853086,0.026324249,0.023722776,0.076869586,73151.24687,96.433611,0.8,0.046666667,0.25,0.02,0.1,0.075,62178.55984,29.63374536,0.003454749,0.0088832,0.000960639,0.001037595,1.349812503
2039,9,11.5,0.061066093,0.029284787,0.023568073,0.077871607,73151.24687,96.52685583,0.8,0.046666667,0.25,0.02,0.1,0.075,62178.55984,29.63374536,0.003846188,0.009882243,0.000954374,0.001051121,1.349812503
2039,10,11.5,0.058129853,0.029151851,0.023647253,0.078045778,73151.24687,96.23297445,0.8,0.046666667,0.25,0.02,0.1,0.075,62178.55984,29.63374536,0.003662179,0.009837383,0.000957581,0.001053472,1.349812503
2039,11,11.5,0.069821553,0.033658791,0.023699637,0.079327433,73151.24687,96.12236763,0.8,0.046666667,0.25,0.02,0.1,0.075,62178.55984,29.63374536,0.004397034,0.011358264,0.000959702,0.001070772,1.349812503
2039,12,11.5,0.070218446,0.033595793,0.02368661,0.079252413,73151.24687,96.47267335,0.8,0.046666667,0.25,0.02,0.1,0.075,62178.55984,29.63374536,0.004421844,0.011337005,0.000959174,0.001069759,1.349812503
2040,1,11.5,0.067684469,0.033339849,0.020704556,0.078831359,69493.68452,95.01922044,0.8,0.046666667,0.25,0.02,0.1,0.06,58027.22658,28.96749302,0.004361464,0.011509401,0.000571801,0.001088549,1.380858191
2040,2,11.5,0.06752013,0.033496542,0.020699913,0.078788248,69493.68452,94.82816831,0.8,0.046666667,0.25,0.02,0.1,0.06,58027.22658,28.96749302,0.004350242,0.011563493,0.000571673,0.001087954,1.380858191
2040,3,11.5,0.067761096,0.033269679,0.020674261,0.078830569,69493.68452,94.92682441,0.8,0.046666667,0.25,0.02,0.1,0.06,58027.22658,28.96749302,0.004366105,0.011485177,0.000570964,0.001088538,1.380858191
2040,4,11.5,0.059002843,0.029176702,0.020568528,0.07743234,69493.68452,95.06589329,0.8,0.046666667,0.25,0.02,0.1,0.06,58027.22658,28.96749302,0.003802531,0.010072222,0.000568044,0.001069231,1.380858191
2040,5,11.5,0.05905589,0.029184982,0.020559467,0.07752884,69493.68452,95.2336537,0.8,0.046666667,0.25,0.02,0.1,0.06,58027.22658,28.96749302,0.003806047,0.01007508,0.000567794,0.001070563,1.380858191
2040,6,11.5,0.052993164,0.026287842,0.020573336,0.076414179,69493.68452,94.90065795,0.8,0.046666667,0.25,0.02,0.1,0.06,58027.22658,28.96749302,0.003414222,0.009074945,0.000568177,0.001055171,1.380858191
2040,7,11.5,0.053124106,0.026316868,0.020538149,0.076106757,69493.68452,95.11589937,0.8,0.046666667,0.25,0.02,0.1,0.06,58027.22658,28.96749302,0.003422623,0.009084966,0.000567205,0.001050926,1.380858191
2040,8,11.5,0.052899416,0.026132704,0.020622231,0.076252826,69493.68452,94.74879199,0.8,0.046666667,0.25,0.02,0.1,0.06,58027.22658,28.96749302,0.003408903,0.00902139,0.000569528,0.001052943,1.380858191
2040,9,11.5,0.056549064,0.029077651,0.020600372,0.077394954,69493.68452,95.13025669,0.8,0.046666667,0.25,0.02,0.1,0.06,58027.22658,28.96749302,0.003642378,0.010038028,0.000568924,0.001068715,1.380858191
2040,10,11.5,0.059418657,0.029085684,0.020632092,0.077415674,69493.68452,94.93704385,0.8,0.046666667,0.25,0.02,0.1,0.06,58027.22658,28.96749302,0.00382866,0.010040801,0.0005698,0.001069001,1.380858191
2040,11,11.5,0.067632351,0.033341604,0.02051847,0.078760877,69493.68452,94.79961866,0.8,0.046666667,0.25,0.02,0.1,0.06,58027.22658,28.96749302,0.004358364,0.011510007,0.000566662,0.001087576,1.380858191
2040,12,11.5,0.067756971,0.033452179,0.02056708,0.078798382,69493.68452,94.95084253,0.8,0.046666667,0.25,0.02,0.1,0.06,58027.22658,28.96749302,0.004366797,0.011548179,0.000568004,0.001088094,1.380858191
2041,1,11.5,0.065636613,0.033343548,0.017876924,0.078442346,66019.0003,93.70324615,0.8,0.046666667,0.25,0.02,0.1,0.045,54135.58024,28.42737293,0.004310425,0.011729381,0.00050309,0.001103758,1.407094496
2041,2,11.5,0.065639466,0.033349458,0.018009432,0.078580135,66019.0003,93.77594971,0.8,0.046666667,0.25,0.02,0.1,0.045,54135.58024,28.42737293,0.004309519,0.01173146,0.000506819,0.001105697,1.407094496
2041,3,11.5,0.06785211,0.033289971,0.017974762,0.078482476,66019.0003,94.10920641,0.8,0.046666667,0.25,0.02,0.1,0.045,54135.58024,28.42737293,0.004455722,0.011710534,0.000505844,0.001104323,1.407094496
2041,4,11.5,0.056997166,0.029020206,0.017889322,0.076788223,66019.0003,93.6475314,0.8,0.046666667,0.25,0.02,0.1,0.045,54135.58024,28.42737293,0.003742445,0.010208543,0.000503439,0.001080483,1.407094496
2041,5,11.5,0.055994714,0.028907536,0.017894478,0.076872487,66019.0003,93.85531164,0.8,0.046666667,0.25,0.02,0.1,0.045,54135.58024,28.42737293,0.003676614,0.010168909,0.000503584,0.001081669,1.407094496
2041,6,11.5,0.050415558,0.026030828,0.018021674,0.075978997,66019.0003,93.92690293,0.8,0.046666667,0.25,0.02,0.1,0.045,54135.58024,28.42737293,0.00330961,0.009156959,0.000507164,0.001069096,1.407094496
2041,7,11.5,0.050322699,0.026117507,0.018010343,0.075663981,66019.0003,93.79849298,0.8,0.046666667,0.25,0.02,0.1,0.045,54135.58024,28.42737293,0.003304712,0.00918745,0.000506845,0.001064664,1.407094496
2041,8,11.5,0.050372488,0.026200792,0.017947561,0.076054933,66019.0003,93.85411676,0.8,0.046666667,0.25,0.02,0.1,0.045,54135.58024,28.42737293,0.003307273,0.009216747,0.000505078,0.001070165,1.407094496
2041,9,11.5,0.056031672,0.029028156,0.017931822,0.076909437,66019.0003,93.90920458,0.8,0.046666667,0.25,0.02,0.1,0.045,54135.58024,28.42737293,0.003679367,0.01021134,0.000504635,0.001082188,1.407094496
2041,10,11.5,0.057726192,0.029090268,0.017990284,0.077052796,66019.0003,93.95497004,0.8,0.046666667,0.25,0.02,0.1,0.045,54135.58024,28.42737293,0.003791955,0.010233189,0.000506281,0.001084206,1.407094496
2041,11,11.5,0.064470879,0.033353099,0.018012562,0.078634829,66019.0003,93.84989246,0.8,0.046666667,0.25,0.02,0.1,0.045,54135.58024,28.42737293,0.004235759,0.01173274,0.000506908,0.001106466,1.407094496
2041,12,11.5,0.064509287,0.033361774,0.018037839,0.078553762,66019.0003,94.03994581,0.8,0.046666667,0.25,0.02,0.1,0.045,54135.58024,28.42737293,0.004235361,0.011735792,0.000507619,0.001105326,1.407094496
2042,1,11.5,0.061681,0.033430706,0.01567618,0.077932176,62718.05028,93.15185733,0.8,0.046666667,0.25,0.02,0.1,0.03,50488.03048,27.86997346,0.004131338,0.011995241,0.00044998,0.001118511,1.435236386
2042,2,11.5,0.062484598,0.033215335,0.015691658,0.078059511,62718.05028,92.76115692,0.8,0.046666667,0.25,0.02,0.1,0.03,50488.03048,27.86997346,0.004184917,0.011917964,0.000450425,0.001120339,1.435236386
2042,3,11.5,0.062519606,0.033191305,0.015653243,0.077734717,62718.05028,92.7911732,0.8,0.046666667,0.25,0.02,0.1,0.03,50488.03048,27.86997346,0.004187539,0.011909342,0.000449322,0.001115677,1.435236386
2042,4,11.5,0.054361924,0.029037408,0.015714549,0.076644493,62718.05028,92.87938896,0.8,0.046666667,0.25,0.02,0.1,0.03,50488.03048,27.86997346,0.003641379,0.010418886,0.000451082,0.00110003,1.435236386
2042,5,11.5,0.056008326,0.029061692,0.015656599,0.076722129,62718.05028,92.74802749,0.8,0.046666667,0.25,0.02,0.1,0.03,50488.03048,27.86997346,0.003751233,0.010427599,0.000449418,0.001101144,1.435236386
2042,6,11.5,0.048840996,0.0260415,0.015648722,0.075453206,62718.05028,92.72306786,0.8,0.046666667,0.25,0.02,0.1,0.03,50488.03048,27.86997346,0.003271107,0.009343927,0.000449192,0.001082932,1.435236386
2042,7,11.5,0.048969279,0.026287983,0.015684111,0.075692887,62718.05028,92.84774691,0.8,0.046666667,0.25,0.02,0.1,0.03,50488.03048,27.86997346,0.003280038,0.009432368,0.000450208,0.001086372,1.435236386
2042,8,11.5,0.048906987,0.026066525,0.015697412,0.075551684,62718.05028,92.69572202,0.8,0.046666667,0.25,0.02,0.1,0.03,50488.03048,27.86997346,0.00327588,0.009352906,0.00045059,0.001084345,1.435236386
2042,9,11.5,0.054393772,0.028800699,0.015561235,0.076728823,62718.05028,92.90441233,0.8,0.046666667,0.25,0.02,0.1,0.03,50488.03048,27.86997346,0.003642993,0.010333953,0.000446681,0.00110124,1.435236386
2042,10,11.5,0.054258997,0.028826239,0.015727901,0.076572459,62718.05028,92.47853796,0.8,0.046666667,0.25,0.02,0.1,0.03,50488.03048,27.86997346,0.003634392,0.010343117,0.000451465,0.001098996,1.435236386
2042,11,11.5,0.062520874,0.033085955,0.015742701,0.077935418,62718.05028,92.81992016,0.8,0.046666667,0.25,0.02,0.1,0.03,50488.03048,27.86997346,0.004188173,0.011871542,0.00045189,0.001118557,1.435236386
2042,12,11.5,0.062458433,0.033366847,0.015646269,0.078008889,62718.05028,92.69951397,0.8,0.046666667,0.25,0.02,0.1,0.03,50488.03048,27.86997346,0.004182869,0.011972328,0.000449122,0.001119612,1.435236386
2043,1,11.5,0.060593277,0.033073033,0.013628612,0.077617269,59582.14777,91.5583147,0.8,0.046666667,0.25,0.02,0.1,0.015,47069.89674,30.70883462,0.004143395,0.01211611,0.000399421,0.001137385,1.46537635
2043,2,11.5,0.060573395,0.032893452,0.013624989,0.077523574,59582.14777,91.58899219,0.8,0.046666667,0.25,0.02,0.1,0.015,47069.89674,30.70883462,0.00414254,0.012050322,0.000399315,0.001136012,1.46537635
2043,3,11.5,0.060560879,0.033176246,0.013664248,0.07770005,59582.14777,91.45715881,0.8,0.046666667,0.25,0.02,0.1,0.015,47069.89674,30.70883462,0.004141404,0.012153922,0.000400465,0.001138598,1.46537635
2043,4,11.5,0.052623411,0.028846712,0.013563889,0.075833355,59582.14777,91.259376,0.8,0.046666667,0.25,0.02,0.1,0.015,47069.89674,30.70883462,0.003599097,0.010567822,0.000397524,0.001111244,1.46537635
2043,5,11.5,0.052661764,0.028632468,0.013615847,0.075966501,59582.14777,91.38741004,0.8,0.046666667,0.25,0.02,0.1,0.015,47069.89674,30.70883462,0.003601112,0.010489336,0.000399047,0.001113195,1.46537635
2043,6,11.5,0.045978143,0.025848896,0.013688046,0.075077894,59582.14777,91.25094932,0.8,0.046666667,0.25,0.02,0.1,0.015,47069.89674,30.70883462,0.003144084,0.00946959,0.000401163,0.001100174,1.46537635
2043,7,11.5,0.047411388,0.025795354,0.013687602,0.07496996,59582.14777,91.63661659,0.8,0.046666667,0.25,0.02,0.1,0.015,47069.89674,30.70883462,0.00324227,0.009449975,0.00040115,0.001098592,1.46537635
2043,8,11.5,0.047440938,0.025984906,0.013595236,0.075000528,59582.14777,91.72684901,0.8,0.046666667,0.25,0.02,0.1,0.015,47069.89674,30.70883462,0.003244238,0.009519417,0.000398443,0.00109904,1.46537635
2043,9,11.5,0.052672475,0.028708374,0.013624699,0.075962093,59582.14777,91.41133789,0.8,0.046666667,0.25,0.02,0.1,0.015,47069.89674,30.70883462,0.003602137,0.010517143,0.000399306,0.001113131,1.46537635
2043,10,11.5,0.052627728,0.028568742,0.013718319,0.076006031,59582.14777,91.35107064,0.8,0.046666667,0.25,0.02,0.1,0.015,47069.89674,30.70883462,0.003598688,0.01046599,0.00040205,0.001113774,1.46537635
2043,11,11.5,0.060865835,0.033332057,0.013627596,0.077926077,59582.14777,91.84239064,0.8,0.046666667,0.25,0.02,0.1,0.015,47069.89674,30.70883462,0.004162288,0.012211002,0.000399391,0.00114191,1.46537635
2043,12,11.5,0.060560352,0.032957064,0.01361886,0.077464499,59582.14777,91.37043961,0.8,0.046666667,0.25,0.02,0.1,0.015,47069.89674,30.70883462,0.004141107,0.012073625,0.000399135,0.001135146,1.46537635
2044,1,11.5,0.058686596,0.032891767,0.011867749,0.077039789,56603.04038,90.29107787,0.8,0.046666667,0.25,0.02,0.1,0.01,43867.35629,30.04778339,0.004101517,0.012314798,0.000355466,0.001153759,1.49761463
2044,2,11.5,0.058671262,0.032987706,0.011876795,0.077199945,56603.04038,90.12602443,0.8,0.046666667,0.25,0.02,0.1,0.01,43867.35629,30.04778339,0.004100486,0.012350718,0.000355737,0.001156158,1.49761463
2044,3,11.5,0.058661157,0.032891661,0.01186303,0.077265534,56603.04038,90.28596259,0.8,0.046666667,0.25,0.02,0.1,0.01,43867.35629,30.04778339,0.004099676,0.012314758,0.000355325,0.00115714,1.49761463
2044,4,11.5,0.051018693,0.028717216,0.011817587,0.075469738,56603.04038,90.15326238,0.8,0.046666667,0.25,0.02,0.1,0.01,43867.35629,30.04778339,0.003565696,0.010751831,0.000353964,0.001130246,1.49761463
2044,5,11.5,0.051028611,0.028594974,0.011820034,0.075357518,56603.04038,90.2259233,0.8,0.046666667,0.25,0.02,0.1,0.01,43867.35629,30.04778339,0.003566281,0.010706063,0.000354037,0.001128565,1.49761463
2044,6,11.5,0.045913248,0.025901035,0.011933136,0.07462136,56603.04038,90.10059771,0.8,0.046666667,0.25,0.02,0.1,0.01,43867.35629,30.04778339,0.003208662,0.009697442,0.000357425,0.00111754,1.49761463
2044,7,11.5,0.045922357,0.025546804,0.011918515,0.074291564,56603.04038,90.33183329,0.8,0.046666667,0.25,0.02,0.1,0.01,43867.35629,30.04778339,0.003209473,0.009564817,0.000356987,0.001112601,1.49761463
2044,8,11.5,0.04592466,0.025705609,0.011846125,0.074294315,56603.04038,90.15954105,0.8,0.046666667,0.25,0.02,0.1,0.01,43867.35629,30.04778339,0.003209578,0.009624274,0.000354819,0.001112643,1.49761463
2044,9,11.5,0.05103452,0.028686408,0.011880549,0.07528577,56603.04038,90.3154936,0.8,0.046666667,0.25,0.02,0.1,0.01,43867.35629,30.04778339,0.003566844,0.010740296,0.00035585,0.001127491,1.49761463
2044,10,11.5,0.051023367,0.028637461,0.011836699,0.075358007,56603.04038,90.22776899,0.8,0.046666667,0.25,0.02,0.1,0.01,43867.35629,30.04778339,0.003565959,0.01072197,0.000354536,0.001128573,1.49761463
2044,11,11.5,0.060920288,0.032830249,0.011874817,0.076992803,56603.04038,90.11524176,0.8,0.046666667,0.25,0.02,0.1,0.01,43867.35629,30.04778339,0.004257725,0.012291765,0.000355678,0.001153055,1.49761463
2044,12,11.5,0.059017556,0.032800589,0.011867547,0.076896335,56603.04038,90.26869894,0.8,0.046666667,0.25,0.02,0.1,0.01,43867.35629,30.04778339,0.004124462,0.012280661,0.00035546,0.001151611,1.49761463
2045,1,11.5,0.057085481,0.032795432,0.010380576,0.076547924,53772.88836,89.26862543,0.8,0.046666667,0.25,0.02,0.1,0.01,40867.39515,29.51648663,0.004061265,0.012499747,0.000316519,0.001167028,1.524571693
2045,2,11.5,0.055137624,0.032706416,0.010348848,0.076892058,53772.88836,89.32556896,0.8,0.046666667,0.25,0.02,0.1,0.01,40867.39515,29.51648663,0.003922825,0.012465819,0.000315551,0.001172275,1.524571693
2045,3,11.5,0.057042599,0.032651525,0.01039211,0.076686311,53772.88836,88.98635183,0.8,0.046666667,0.25,0.02,0.1,0.01,40867.39515,29.51648663,0.004058696,0.012444898,0.00031687,0.001169138,1.524571693
2045,4,11.5,0.049633518,0.028452441,0.010395668,0.075275777,53772.88836,89.36437684,0.8,0.046666667,0.25,0.02,0.1,0.01,40867.39515,29.51648663,0.003531355,0.010844446,0.000316979,0.001147633,1.524571693
2045,5,11.5,0.051601794,0.028565314,0.010288971,0.075198856,53772.88836,89.27355813,0.8,0.046666667,0.25,0.02,0.1,0.01,40867.39515,29.51648663,0.003671336,0.010887467,0.000313725,0.00114646,1.524571693
2045,6,11.5,0.044657531,0.025803285,0.010402257,0.073973226,53772.88836,89.16091498,0.8,0.046666667,0.25,0.02,0.1,0.01,40867.39515,29.51648663,0.003177216,0.00983474,0.00031718,0.001127775,1.524571693
2045,7,11.5,0.049011406,0.025846813,0.010351732,0.074075101,53772.88836,89.45206114,0.8,0.046666667,0.25,0.02,0.1,0.01,40867.39515,29.51648663,0.003487007,0.00985133,0.000315639,0.001129328,1.524571693
2045,8,11.5,0.044652032,0.02558727,0.010392318,0.0740126,53772.88836,89.21949917,0.8,0.046666667,0.25,0.02,0.1,0.01,40867.39515,29.51648663,0.003176935,0.009752407,0.000316877,0.001128375,1.524571693
2045,9,11.5,0.049611826,0.02844139,0.010400662,0.07525702,53772.88836,89.10474624,0.8,0.046666667,0.25,0.02,0.1,0.01,40867.39515,29.51648663,0.003529864,0.010840234,0.000317131,0.001147347,1.524571693
2045,10,11.5,0.04959455,0.028525556,0.010383716,0.075128881,53772.88836,88.95372043,0.8,0.046666667,0.25,0.02,0.1,0.01,40867.39515,29.51648663,0.003528359,0.010872314,0.000316614,0.001145394,1.524571693
2045,11,11.5,0.057055637,0.032910776,0.010348868,0.076562348,53772.88836,89.20466696,0.8,0.046666667,0.25,0.02,0.1,0.01,40867.39515,29.51648663,0.004059476,0.01254371,0.000315552,0.001167248,1.524571693
2045,12,11.5,0.057051258,0.032703775,0.010310762,0.076539901,53772.88836,89.31237161,0.8,0.046666667,0.25,0.02,0.1,0.01,40867.39515,29.51648663,0.004058971,0.012464812,0.00031439,0.001166906,1.524571693
2046,1,11.5,0.055369772,0.03267071,0.008994355,0.076217407,51084.24394,94.45379053,0.8,0.046666667,0.25,0.02,0.1,0.01,38057.76174,28.93773199,0.004018472,0.012701254,0.000279736,0.001185229,1.555063127
2046,2,11.5,0.055373454,0.032559935,0.009052516,0.075900668,51084.24394,94.24070875,0.8,0.046666667,0.25,0.02,0.1,0.01,38057.76174,28.93773199,0.00401843,0.012658189,0.000281545,0.001180303,1.555063127
2046,3,11.5,0.055384328,0.032570556,0.009087326,0.076219019,51084.24394,94.58108463,0.8,0.046666667,0.25,0.02,0.1,0.01,38057.76174,28.93773199,0.004019346,0.012662318,0.000282627,0.001185254,1.555063127
2046,4,11.5,0.048153322,0.028365383,0.009031475,0.074502828,51084.24394,94.418923,0.8,0.046666667,0.25,0.02,0.1,0.01,38057.76174,28.93773199,0.003494338,0.01102749,0.00028089,0.001158566,1.555063127
2046,5,11.5,0.048143531,0.02828469,0.009090663,0.074626505,51084.24394,94.28220189,0.8,0.046666667,0.25,0.02,0.1,0.01,38057.76174,28.93773199,0.003493625,0.01099612,0.000282731,0.001160489,1.555063127
2046,6,11.5,0.043297209,0.02541806,0.009029527,0.073491752,51084.24394,93.95988857,0.8,0.046666667,0.25,0.02,0.1,0.01,38057.76174,28.93773199,0.00314192,0.009881672,0.00028083,0.001142843,1.555063127
2046,7,11.5,0.043345596,0.025457646,0.009078382,0.073456226,51084.24394,94.40530549,0.8,0.046666667,0.25,0.02,0.1,0.01,38057.76174,28.93773199,0.003145529,0.009897062,0.000282349,0.001142291,1.555063127
2046,8,11.5,0.042139079,0.025537369,0.009053561,0.073490118,51084.24394,94.36201293,0.8,0.046666667,0.25,0.02,0.1,0.01,38057.76174,28.93773199,0.003057999,0.009928055,0.000281577,0.001142818,1.555063127
2046,9,11.5,0.048174735,0.028306259,0.009043555,0.074673737,51084.24394,94.68033076,0.8,0.046666667,0.25,0.02,0.1,0.01,38057.76174,28.93773199,0.003495771,0.011004505,0.000281266,0.001161224,1.555063127
2046,10,11.5,0.048907128,0.028595629,0.00905834,0.074417226,51084.24394,94.56099816,0.8,0.046666667,0.25,0.02,0.1,0.01,38057.76174,28.93773199,0.003549134,0.011117002,0.000281726,0.001157235,1.555063127
2046,11,11.5,0.05536908,0.032816131,0.009051302,0.076006623,51084.24394,94.32450199,0.8,0.046666667,0.25,0.02,0.1,0.01,38057.76174,28.93773199,0.004017952,0.012757789,0.000281507,0.001181951,1.555063127
2046,12,11.5,0.055401377,0.03249231,0.009068549,0.076197756,51084.24394,94.6271773,0.8,0.046666667,0.25,0.02,0.1,0.01,38057.76174,28.93773199,0.004020507,0.012631898,0.000282043,0.001184923,1.555063127
2047,1,11.5,0.053812239,0.032755331,0.007876299,0.075998616,48530.03175,94.28096608,0.8,0.046666667,0.25,0.02,0.1,0.01,35426.92317,28.39816682,0.003979189,0.012976101,0.000249617,0.001204281,1.584609327
2047,2,11.5,0.053084775,0.032641718,0.007904603,0.076021119,48530.03175,94.23524984,0.8,0.046666667,0.25,0.02,0.1,0.01,35426.92317,28.39816682,0.003925693,0.012931093,0.000250514,0.001204638,1.584609327
2047,3,11.5,0.053792108,0.032626211,0.007869839,0.075795553,48530.03175,94.08543717,0.8,0.046666667,0.25,0.02,0.1,0.01,35426.92317,28.39816682,0.003977913,0.01292495,0.000249412,0.001201063,1.584609327
2047,4,11.5,0.046773914,0.028369367,0.007884383,0.074156019,48530.03175,94.05122943,0.8,0.046666667,0.25,0.02,0.1,0.01,35426.92317,28.39816682,0.003458697,0.011238591,0.000249873,0.001175083,1.584609327
2047,5,11.5,0.046811704,0.028285366,0.00790514,0.074350484,48530.03175,94.51607576,0.8,0.046666667,0.25,0.02,0.1,0.01,35426.92317,28.39816682,0.003461508,0.011205314,0.000250531,0.001178165,1.584609327
2047,6,11.5,0.040404318,0.02550055,0.007900697,0.07306755,48530.03175,94.3364761,0.8,0.046666667,0.25,0.02,0.1,0.01,35426.92317,28.39816682,0.002987907,0.010102102,0.00025039,0.001157835,1.584609327
2047,7,11.5,0.042060803,0.025347163,0.007887047,0.072847416,48530.03175,93.77315288,0.8,0.046666667,0.25,0.02,0.1,0.01,35426.92317,28.39816682,0.003110194,0.010041338,0.000249958,0.001154347,1.584609327
2047,8,11.5,0.042123092,0.025657177,0.007839466,0.073321938,48530.03175,94.28643904,0.8,0.046666667,0.25,0.02,0.1,0.01,35426.92317,28.39816682,0.003114944,0.01016415,0.00024845,0.001161866,1.584609327
2047,9,11.5,0.046785516,0.02838822,0.007871019,0.074325177,48530.03175,94.17953211,0.8,0.046666667,0.25,0.02,0.1,0.01,35426.92317,28.39816682,0.003459825,0.01124606,0.00024945,0.001177764,1.584609327
2047,10,11.5,0.046791026,0.028184385,0.00785247,0.074295994,48530.03175,94.21131546,0.8,0.046666667,0.25,0.02,0.1,0.01,35426.92317,28.39816682,0.003459875,0.01116531,0.000248862,0.001177301,1.584609327
2047,11,11.5,0.053792448,0.032453911,0.007895543,0.075621722,48530.03175,94.11660828,0.8,0.046666667,0.25,0.02,0.1,0.01,35426.92317,28.39816682,0.003977837,0.012856693,0.000250227,0.001198309,1.584609327
2047,12,11.5,0.053804102,0.032488605,0.00790379,0.075905057,48530.03175,94.21052694,0.8,0.046666667,0.25,0.02,0.1,0.01,35426.92317,28.39816682,0.003978762,0.012870437,0.000250488,0.001202799,1.584609327
2048,1,11.5,0.052547311,0.032453292,0.006873482,0.075190882,46103.53016,93.55546464,0.8,0.046666667,0.25,0.02,0.1,0.01,32964.02406,30.90452369,0.003967528,0.013126433,0.00022241,0.001216503,1.617886123
2048,2,11.5,0.052208443,0.032354523,0.006855197,0.075021643,46103.53016,93.93053664,0.8,0.046666667,0.25,0.02,0.1,0.01,32964.02406,30.90452369,0.003941818,0.013086484,0.000221819,0.001213765,1.617886123
2048,3,11.5,0.052183476,0.03229184,0.006878989,0.075179064,46103.53016,93.86250842,0.8,0.046666667,0.25,0.02,0.1,0.01,32964.02406,30.90452369,0.00394001,0.01306113,0.000222588,0.001216312,1.617886123
2048,4,11.5,0.045327776,0.028055321,0.006892058,0.073390164,46103.53016,93.21374762,0.8,0.046666667,0.25,0.02,0.1,0.01,32964.02406,30.90452369,0.003422463,0.011347579,0.000223011,0.001187369,1.617886123
2048,5,11.5,0.045365285,0.028168843,0.006878737,0.073632152,46103.53016,93.6098712,0.8,0.046666667,0.25,0.02,0.1,0.01,32964.02406,30.90452369,0.003425314,0.011393495,0.00022258,0.001191284,1.617886123
2048,6,11.5,0.040820026,0.025439703,0.006879681,0.072717198,46103.53016,93.61776618,0.8,0.046666667,0.25,0.02,0.1,0.01,32964.02406,30.90452369,0.00308207,0.010289636,0.000222611,0.001176481,1.617886123
2048,7,11.5,0.04083315,0.02530688,0.006845138,0.072303458,46103.53016,93.68027464,0.8,0.046666667,0.25,0.02,0.1,0.01,32964.02406,30.90452369,0.003082864,0.010235913,0.000221493,0.001169788,1.617886123
2048,8,11.5,0.040835516,0.02535325,0.00686154,0.072320274,46103.53016,93.67600201,0.8,0.046666667,0.25,0.02,0.1,0.01,32964.02406,30.90452369,0.003083152,0.010254668,0.000222024,0.00117006,1.617886123
2048,9,11.5,0.045360087,0.028260549,0.006868352,0.073688165,46103.53016,93.66286063,0.8,0.046666667,0.25,0.02,0.1,0.01,32964.02406,30.90452369,0.003424791,0.011430588,0.000222244,0.001192191,1.617886123
2048,10,11.5,0.045377842,0.028362831,0.006852566,0.073823687,46103.53016,93.79509182,0.8,0.046666667,0.25,0.02,0.1,0.01,32964.02406,30.90452369,0.003426223,0.011471958,0.000221733,0.001194383,1.617886123
2048,11,11.5,0.05215419,0.032599095,0.006843158,0.075524094,46103.53016,93.62531633,0.8,0.046666667,0.25,0.02,0.1,0.01,32964.02406,30.90452369,0.003937573,0.013185406,0.000221429,0.001221894,1.617886123
2048,12,11.5,0.052170676,0.032490731,0.006897207,0.075200005,46103.53016,93.74266379,0.8,0.046666667,0.25,0.02,0.1,0.01,32964.02406,30.90452369,0.003939115,0.013141576,0.000223178,0.00121665,1.617886123
2049,1,11.5,0.050664235,0.032312454,0.005976429,0.074815799,43798.35365,93.53542252,0.8,0.046666667,0.25,0.02,0.1,0.01,30658.84756,30.29855264,0.003901673,0.013330857,0.000197251,0.001234643,1.650243845
2049,2,11.5,0.05060669,0.032280006,0.005984979,0.074873129,43798.35365,93.01402202,0.8,0.046666667,0.25,0.02,0.1,0.01,30658.84756,30.29855264,0.003897304,0.01331747,0.000197533,0.001235589,1.650243845
2049,3,11.5,0.050656133,0.032402881,0.005949098,0.074889773,43798.35365,93.3722011,0.8,0.046666667,0.25,0.02,0.1,0.01,30658.84756,30.29855264,0.003900757,0.013368164,0.000196349,0.001235864,1.650243845
2049,4,11.5,0.04402155,0.028227205,0.005980766,0.073077159,43798.35365,93.3105805,0.8,0.046666667,0.25,0.02,0.1,0.01,30658.84756,30.29855264,0.00339025,0.011645443,0.000197394,0.001205951,1.650243845
2049,5,11.5,0.044029366,0.028020559,0.005970726,0.073168924,43798.35365,93.37113106,0.8,0.046666667,0.25,0.02,0.1,0.01,30658.84756,30.29855264,0.003390737,0.011560189,0.000197063,0.001207466,1.650243845
2049,6,11.5,0.041122236,0.025028215,0.005978701,0.072012576,43798.35365,93.04528324,0.8,0.046666667,0.25,0.02,0.1,0.01,30658.84756,30.29855264,0.003166947,0.010325664,0.000197326,0.001188383,1.650243845
2049,7,11.5,0.039656727,0.025424035,0.00598307,0.071887618,43798.35365,93.6834302,0.8,0.046666667,0.25,0.02,0.1,0.01,30658.84756,30.29855264,0.003054127,0.010488964,0.000197471,0.001186321,1.650243845
2049,8,11.5,0.038766142,0.025373318,0.005984979,0.072147874,43798.35365,93.43197185,0.8,0.046666667,0.25,0.02,0.1,0.01,30658.84756,30.29855264,0.002985423,0.01046804,0.000197533,0.001190616,1.650243845
2049,9,11.5,0.044021947,0.028045483,0.005946806,0.073000709,43798.35365,93.41172227,0.8,0.046666667,0.25,0.02,0.1,0.01,30658.84756,30.29855264,0.00339011,0.011570471,0.000196274,0.00120469,1.650243845
2049,10,11.5,0.043978138,0.027997679,0.005965399,0.073029282,43798.35365,92.74315738,0.8,0.046666667,0.25,0.02,0.1,0.01,30658.84756,30.29855264,0.003386768,0.011550749,0.000196887,0.001205161,1.650243845
2049,11,11.5,0.050658813,0.032241619,0.005963756,0.074979196,43798.35365,93.5321108,0.8,0.046666667,0.25,0.02,0.1,0.01,30658.84756,30.29855264,0.003901253,0.013301633,0.000196833,0.00123734,1.650243845
2049,12,11.5,0.050640756,0.032318167,0.006007082,0.07475537,43798.35365,93.36862742,0.8,0.046666667,0.25,0.02,0.1,0.01,30658.84756,30.29855264,0.003899869,0.013333214,0.000198263,0.001233646,1.650243845
2050,1,11.5,0.049004976,0.032286216,0.005171775,0.074237277,41608.43597,92.68572497,0.8,0.046666667,0.25,0.02,0.1,0.01,28501.77864,29.6173535,0.003860846,0.013626393,0.00017462,0.001253273,1.688199453
2050,2,11.5,0.048004401,0.032081492,0.005205374,0.074252704,41608.43597,92.80931182,0.8,0.046666667,0.25,0.02,0.1,0.01,28501.77864,29.6173535,0.003781991,0.013539989,0.000175754,0.001253534,1.688199453
2050,3,11.5,0.049011246,0.031965828,0.005192811,0.074068939,41608.43597,92.73976919,0.8,0.046666667,0.25,0.02,0.1,0.01,28501.77864,29.6173535,0.003861274,0.013491173,0.00017533,0.001250431,1.688199453
2050,4,11.5,0.042626082,0.027881314,0.005211084,0.072446248,41608.43597,92.83047628,0.8,0.046666667,0.25,0.02,0.1,0.01,28501.77864,29.6173535,0.003358235,0.011767305,0.000175947,0.001223037,1.688199453
2050,5,11.5,0.042606541,0.027838065,0.005211083,0.072320653,41608.43597,92.70872882,0.8,0.046666667,0.25,0.02,0.1,0.01,28501.77864,29.6173535,0.003356751,0.011749052,0.000175947,0.001220917,1.688199453
2050,6,11.5,0.038340647,0.025080956,0.005206006,0.071197734,41608.43597,92.60646443,0.8,0.046666667,0.25,0.02,0.1,0.01,28501.77864,29.6173535,0.003020483,0.010585414,0.000175776,0.00120196,1.688199453
2050,7,11.5,0.039720452,0.025247147,0.005207882,0.071505834,41608.43597,92.93001618,0.8,0.046666667,0.25,0.02,0.1,0.01,28501.77864,29.6173535,0.003129215,0.010655555,0.000175839,0.001207161,1.688199453
2050,8,11.5,0.038362002,0.025269433,0.005217087,0.071486369,41608.43597,92.82246655,0.8,0.046666667,0.25,0.02,0.1,0.01,28501.77864,29.6173535,0.003022442,0.010664961,0.00017615,0.001206832,1.688199453
2050,9,11.5,0.042618996,0.028117135,0.005203164,0.072509168,41608.43597,92.89009742,0.8,0.046666667,0.25,0.02,0.1,0.01,28501.77864,29.6173535,0.003357614,0.011866833,0.00017568,0.001224099,1.688199453
2050,10,11.5,0.042601628,0.027782572,0.005204783,0.072390804,41608.43597,92.6045037,0.8,0.046666667,0.25,0.02,0.1,0.01,28501.77864,29.6173535,0.003356316,0.011725631,0.000175734,0.001222101,1.688199453
2050,11,11.5,0.048996018,0.031964771,0.005214534,0.073877977,41608.43597,92.702651,0.8,0.046666667,0.25,0.02,0.1,0.01,28501.77864,29.6173535,0.003860032,0.013490727,0.000176063,0.001247208,1.688199453
2050,12,11.5,0.049005014,0.032064601,0.005184436,0.074226408,41608.43597,92.63953564,0.8,0.046666667,0.25,0.02,0.1,0.01,28501.77864,29.6173535,0.003860704,0.01353286,0.000175047,0.00125309,1.688199453
2051,1,11.5,0.047601651,0.031659315,0.00452253,0.073521601,39528.01417,92.33626283,0.8,0.046666667,0.25,0.02,0.1,0.01,26483.76949,29.0651163,0.003821612,0.013615684,0.0001556,0.001264774,1.720275243
2051,2,11.5,0.04763822,0.031914348,0.004546237,0.07370739,39528.01417,92.53926576,0.8,0.046666667,0.25,0.02,0.1,0.01,26483.76949,29.0651163,0.00382432,0.013725366,0.000156416,0.00126797,1.720275243
2051,3,11.5,0.047600732,0.031972833,0.004551926,0.073611718,39528.01417,92.33161034,0.8,0.046666667,0.25,0.02,0.1,0.01,26483.76949,29.0651163,0.003821376,0.013750518,0.000156611,0.001266324,1.720275243
2051,4,11.5,0.039635953,0.027745675,0.004541293,0.071893455,39528.01417,92.55579926,0.8,0.046666667,0.25,0.02,0.1,0.01,26483.76949,29.0651163,0.003181925,0.011932549,0.000156245,0.001236765,1.720275243
2051,5,11.5,0.041401095,0.027934411,0.004540799,0.072082371,39528.01417,92.38051781,0.8,0.046666667,0.25,0.02,0.1,0.01,26483.76949,29.0651163,0.0033238,0.012013719,0.000156228,0.001240015,1.720275243
2051,6,11.5,0.038850033,0.025125337,0.004539318,0.070929187,39528.01417,92.3025716,0.8,0.046666667,0.25,0.02,0.1,0.01,26483.76949,29.0651163,0.003118821,0.010805624,0.000156178,0.001220177,1.720275243
2051,7,11.5,0.037278543,0.025053073,0.00453296,0.070868788,39528.01417,92.62534834,0.8,0.046666667,0.25,0.02,0.1,0.01,26483.76949,29.0651163,0.002992795,0.010774545,0.000155959,0.001219138,1.720275243
2051,8,11.5,0.03724754,0.025042644,0.004516916,0.070741783,39528.01417,92.2115477,0.8,0.046666667,0.25,0.02,0.1,0.01,26483.76949,29.0651163,0.002990268,0.01077006,0.000155407,0.001216953,1.720275243
2051,9,11.5,0.041421217,0.02792012,0.004540397,0.071862911,39528.01417,92.52637199,0.8,0.046666667,0.25,0.02,0.1,0.01,26483.76949,29.0651163,0.003325222,0.012007573,0.000156215,0.00123624,1.720275243
2051,10,11.5,0.041413105,0.02794475,0.004551884,0.072211992,39528.01417,92.52116001,0.8,0.046666667,0.25,0.02,0.1,0.01,26483.76949,29.0651163,0.003324692,0.012018166,0.00015661,0.001242245,1.720275243
2051,11,11.5,0.047608757,0.031939967,0.004548019,0.07347329,39528.01417,92.40677992,0.8,0.046666667,0.25,0.02,0.1,0.01,26483.76949,29.0651163,0.003822078,0.013736384,0.000156477,0.001263943,1.720275243
2051,12,11.5,0.047628671,0.031747789,0.004561497,0.073752719,39528.01417,92.53883355,0.8,0.046666667,0.25,0.02,0.1,0.01,26483.76949,29.0651163,0.00382367,0.013653734,0.000156941,0.00126875,1.720275243
2052,1,11.5,0.046191071,0.031798696,0.003947288,0.07300181,37551.61346,91.7990638,0.8,0.046666667,0.25,0.02,0.1,0.01,24596.30682,28.49521205,0.003782269,0.01394914,0.000138525,0.001280949,1.754680748
2052,2,11.5,0.046201103,0.031724466,0.003952969,0.073163262,37551.61346,91.69285311,0.8,0.046666667,0.25,0.02,0.1,0.01,24596.30682,28.49521205,0.00378306,0.013916578,0.000138724,0.001283782,1.754680748
2052,3,11.5,0.046193004,0.031854977,0.003932672,0.073058812,37551.61346,91.6488086,0.8,0.046666667,0.25,0.02,0.1,0.01,24596.30682,28.49521205,0.003782508,0.013973829,0.000138012,0.001281949,1.754680748
2052,4,11.5,0.040979623,0.027701886,0.003953042,0.071216564,37551.61346,91.56731907,0.8,0.046666667,0.25,0.02,0.1,0.01,24596.30682,28.49521205,0.003355583,0.012151992,0.000138727,0.001249623,1.754680748
2052,5,11.5,0.040192479,0.027777629,0.003947923,0.071762187,37551.61346,92.07333798,0.8,0.046666667,0.25,0.02,0.1,0.01,24596.30682,28.49521205,0.003291177,0.012185218,0.000138547,0.001259197,1.754680748
2052,6,11.5,0.036152707,0.025020631,0.003978078,0.070306436,37551.61346,91.74481212,0.8,0.046666667,0.25,0.02,0.1,0.01,24596.30682,28.49521205,0.002960379,0.010975805,0.000139605,0.001233653,1.754680748
2052,7,11.5,0.036136561,0.025081048,0.003949956,0.070136857,37551.61346,91.64059284,0.8,0.046666667,0.25,0.02,0.1,0.01,24596.30682,28.49521205,0.002959172,0.011002308,0.000138618,0.001230678,1.754680748
2052,8,11.5,0.036895931,0.024910839,0.003964126,0.070258197,37551.61346,92.05080071,0.8,0.046666667,0.25,0.02,0.1,0.01,24596.30682,28.49521205,0.00302123,0.010927642,0.000139116,0.001232807,1.754680748
2052,9,11.5,0.04019271,0.027588504,0.003968187,0.071610322,37551.61346,92.10749698,0.8,0.046666667,0.25,0.02,0.1,0.01,24596.30682,28.49521205,0.003291105,0.012102254,0.000139258,0.001256533,1.754680748
2052,10,11.5,0.04018802,0.027814031,0.003941611,0.071266879,37551.61346,92.00316487,0.8,0.046666667,0.25,0.02,0.1,0.01,24596.30682,28.49521205,0.003290852,0.012201186,0.000138325,0.001250506,1.754680748
2052,11,11.5,0.046181794,0.031852114,0.003958333,0.073067353,37551.61346,91.64071223,0.8,0.046666667,0.25,0.02,0.1,0.01,24596.30682,28.49521205,0.003781548,0.013972573,0.000138912,0.001282099,1.754680748
2052,12,11.5,0.046216426,0.031883173,0.003948073,0.073097311,37551.61346,91.98056917,0.8,0.046666667,0.25,0.02,0.1,0.01,24596.30682,28.49521205,0.003784252,0.013986197,0.000138552,0.001282624,1.754680748
2053,1,11.5,0.044784753,0.031844126,0.003438056,0.072424632,35674.03279,91.24597093,0.8,0.046666667,0.25,0.02,0.1,0.01,22831.38098,30.70003258,0.003744317,0.014262419,0.000123188,0.001297508,1.791529044
2053,2,11.5,0.044792562,0.031635536,0.003434552,0.072702714,35674.03279,91.23761117,0.8,0.046666667,0.25,0.02,0.1,0.01,22831.38098,30.70003258,0.003744684,0.014168995,0.000123062,0.00130249,1.791529044
2053,3,11.5,0.04478114,0.031698127,0.003437414,0.072397864,35674.03279,91.10074296,0.8,0.046666667,0.25,0.02,0.1,0.01,22831.38098,30.70003258,0.003743925,0.014197029,0.000123165,0.001297029,1.791529044
2053,4,11.5,0.038941268,0.027470487,0.00343973,0.070693073,35674.03279,91.05509323,0.8,0.046666667,0.25,0.02,0.1,0.01,22831.38098,30.70003258,0.003255696,0.012303544,0.000123248,0.001266487,1.791529044
2053,5,11.5,0.038981064,0.027450475,0.003450046,0.070684454,35674.03279,91.69948487,0.8,0.046666667,0.25,0.02,0.1,0.01,22831.38098,30.70003258,0.003259122,0.012294581,0.000123617,0.001266333,1.791529044
2053,6,11.5,0.035499568,0.024866418,0.003452338,0.069544495,35674.03279,91.20516634,0.8,0.046666667,0.25,0.02,0.1,0.01,22831.38098,30.70003258,0.002968122,0.011137228,0.000123699,0.00124591,1.791529044
2053,7,11.5,0.035064773,0.024696035,0.003441191,0.069495692,35674.03279,91.41915457,0.8,0.046666667,0.25,0.02,0.1,0.01,22831.38098,30.70003258,0.002931546,0.011060916,0.0001233,0.001245036,1.791529044
2053,8,11.5,0.03507131,0.024840414,0.003426665,0.069578301,35674.03279,91.32070016,0.8,0.046666667,0.25,0.02,0.1,0.01,22831.38098,30.70003258,0.002932296,0.011125581,0.000122779,0.001246515,1.791529044
2053,9,11.5,0.03895001,0.027565654,0.00346117,0.07070681,35674.03279,91.29273439,0.8,0.046666667,0.25,0.02,0.1,0.01,22831.38098,30.70003258,0.003256305,0.012346167,0.000124016,0.001266733,1.791529044
2053,10,11.5,0.038947758,0.02751897,0.00344499,0.070701422,35674.03279,91.26553267,0.8,0.046666667,0.25,0.02,0.1,0.01,22831.38098,30.70003258,0.003256302,0.012325258,0.000123436,0.001266637,1.791529044
2053,11,11.5,0.043421647,0.03166905,0.003448488,0.072573614,35674.03279,91.23092157,0.8,0.046666667,0.25,0.02,0.1,0.01,22831.38098,30.70003258,0.003630398,0.014184006,0.000123561,0.001300177,1.791529044
2053,12,11.5,0.044800575,0.031570937,0.00344759,0.072571086,35674.03279,91.35918638,0.8,0.046666667,0.25,0.02,0.1,0.01,22831.38098,30.70003258,0.003745581,0.014140062,0.000123529,0.001300132,1.791529044
2054,1,11.5,0.043423678,0.031652033,0.002995559,0.07192738,33890.33115,90.90430025,0.8,0.046666667,0.25,0.02,0.1,0.01,21181.45697,30.03917082,0.00371034,0.014488265,0.000109694,0.001316949,1.830942683
2054,2,11.5,0.043408109,0.03170848,0.002993926,0.071959797,33890.33115,90.72471112,0.8,0.046666667,0.25,0.02,0.1,0.01,21181.45697,30.03917082,0.003709057,0.014514102,0.000109634,0.001317543,1.830942683
2054,3,11.5,0.043380324,0.031523285,0.002997065,0.071741984,33890.33115,90.41951791,0.8,0.046666667,0.25,0.02,0.1,0.01,21181.45697,30.03917082,0.00370653,0.014429332,0.000109749,0.001313555,1.830942683
2054,4,11.5,0.039022307,0.027444088,0.003003269,0.070160051,33890.33115,90.70181205,0.8,0.046666667,0.25,0.02,0.1,0.01,21181.45697,30.03917082,0.003334068,0.012562138,0.000109976,0.00128459,1.830942683
2054,5,11.5,0.039552945,0.027322427,0.002990566,0.069937368,33890.33115,90.66656888,0.8,0.046666667,0.25,0.02,0.1,0.01,21181.45697,30.03917082,0.003379613,0.012506449,0.000109511,0.001280513,1.830942683
2054,6,11.5,0.033966373,0.024803252,0.003001219,0.068710904,33890.33115,90.7118636,0.8,0.046666667,0.25,0.02,0.1,0.01,21181.45697,30.03917082,0.002902232,0.011353333,0.000109901,0.001258057,1.830942683
2054,7,11.5,0.033983922,0.024690834,0.003002848,0.068750565,33890.33115,90.83973387,0.8,0.046666667,0.25,0.02,0.1,0.01,21181.45697,30.03917082,0.002903732,0.011301876,0.000109961,0.001258783,1.830942683
2054,8,11.5,0.033974109,0.024830993,0.002994912,0.068869437,33890.33115,90.84246665,0.8,0.046666667,0.25,0.02,0.1,0.01,21181.45697,30.03917082,0.002902913,0.011366031,0.00010967,0.00126096,1.830942683
2054,9,11.5,0.037783672,0.027407651,0.0029887,0.070099785,33890.33115,91.22497045,0.8,0.046666667,0.25,0.02,0.1,0.01,21181.45697,30.03917082,0.003228393,0.01254546,0.000109443,0.001283487,1.830942683
2054,10,11.5,0.037749493,0.027524641,0.00299441,0.070148392,33890.33115,90.72656803,0.8,0.046666667,0.25,0.02,0.1,0.01,21181.45697,30.03917082,0.003225415,0.01259901,0.000109652,0.001284377,1.830942683
2054,11,11.5,0.04339623,0.03140572,0.002986793,0.071684995,33890.33115,90.64181789,0.8,0.046666667,0.25,0.02,0.1,0.01,21181.45697,30.03917082,0.003708042,0.014375519,0.000109373,0.001312511,1.830942683
2054,12,11.5,0.043384585,0.031333849,0.002983064,0.07174121,33890.33115,90.65040935,0.8,0.046666667,0.25,0.02,0.1,0.01,21181.45697,30.03917082,0.003706832,0.01434262,0.000109236,0.00131354,1.830942683
2055,1,11.5,0.041987362,0.031353279,0.002609928,0.071243697,32195.81459,89.90964128,0.8,0.046666667,0.25,0.02,0.1,0.01,19639.4469,29.36380334,0.003669981,0.014681599,9.78E-05,0.001334433,1.873054364
2055,2,11.5,0.041990355,0.031219532,0.002594568,0.070874724,32195.81459,89.83467638,0.8,0.046666667,0.25,0.02,0.1,0.01,19639.4469,29.36380334,0.003670242,0.01461897,9.72E-05,0.001327522,1.873054364
2055,3,11.5,0.042012393,0.031142217,0.002603271,0.071019077,32195.81459,90.04808803,0.8,0.046666667,0.25,0.02,0.1,0.01,19639.4469,29.36380334,0.003672189,0.014582766,9.75E-05,0.001330226,1.873054364
2055,4,11.5,0.03651122,0.02714244,0.002595128,0.069065624,32195.81459,89.69017946,0.8,0.046666667,0.25,0.02,0.1,0.01,19639.4469,29.36380334,0.003191434,0.012709817,9.72E-05,0.001293637,1.873054364
2055,5,11.5,0.035691841,0.027189903,0.0025994,0.069153299,32195.81459,90.05808699,0.8,0.046666667,0.25,0.02,0.1,0.01,19639.4469,29.36380334,0.003119843,0.012732042,9.74E-05,0.001295279,1.873054364
2055,6,11.5,0.032886345,0.02463902,0.002602399,0.068022537,32195.81459,90.08570783,0.8,0.046666667,0.25,0.02,0.1,0.01,19639.4469,29.36380334,0.002874534,0.011537556,9.75E-05,0.001274099,1.873054364
2055,7,11.5,0.032869009,0.024499625,0.002607979,0.067912053,32195.81459,89.96846707,0.8,0.046666667,0.25,0.02,0.1,0.01,19639.4469,29.36380334,0.00287309,0.011472283,9.77E-05,0.00127203,1.873054364
2055,8,11.5,0.033963049,0.024531961,0.002605545,0.067887443,32195.81459,90.10211309,0.8,0.046666667,0.25,0.02,0.1,0.01,19639.4469,29.36380334,0.002968736,0.011487424,9.76E-05,0.001271569,1.873054364
2055,9,11.5,0.036509567,0.02728067,0.002617359,0.06922483,32195.81459,89.81000779,0.8,0.046666667,0.25,0.02,0.1,0.01,19639.4469,29.36380334,0.003191367,0.012774544,9.80E-05,0.001296619,1.873054364
2055,10,11.5,0.036499517,0.027219703,0.002615648,0.069329341,32195.81459,89.56175709,0.8,0.046666667,0.25,0.02,0.1,0.01,19639.4469,29.36380334,0.003190463,0.012745996,9.80E-05,0.001298576,1.873054364
2055,11,11.5,0.041995166,0.031386227,0.002607356,0.071066308,32195.81459,89.84319893,0.8,0.046666667,0.25,0.02,0.1,0.01,19639.4469,29.36380334,0.003670866,0.014697028,9.77E-05,0.001331111,1.873054364
2055,12,11.48404993,0.041991561,0.031246833,0.002615379,0.070937663,32195.81459,89.76979263,0.8,0.046664355,0.25,0.02,0.1,0.01,19639.4469,29.36380334,0.003670359,0.014631754,9.80E-05,0.001328701,1.873054364
